Class,Filename,Color,Size,Amount,Texture
butterfly,ABUTTER12.jpg,Multicolored,Medium,Single,textured
butterfly,ABUTTER42.jpg,Multicolored,Medium,Single,textured
butterfly,ABUTTERF7.jpg,Multicolored,Medium,Single,textured
butterfly,ABUTTERFL.jpg,Multicolored,Medium,Single,textured
butterfly,ABUTTFL13.jpg,Yellow,Medium,Single,textured
butterfly,ABUTTFL15.jpg,Multicolored,Medium,Single,textured
butterfly,ABUTTFL18.jpg,Yellow,Medium,Single,textured
butterfly,ABUTTFL21.jpg,Multicolored,Medium,Single,textured
butterfly,ACHARAXES.jpg,Multicolored,Medium,Single,textured
butterfly,ACWEFFI.jpg,Multicolored,Medium,Single,textured
butterfly,ACYMOTHOE.jpg,Red,Medium,Single,textured
butterfly,AGRAPHEND.jpg,Multicolored,Medium,Single,textured
butterfly,AMORPHOSU.jpg,Multicolored,Medium,Single,textured
butterfly,AMOTH28.jpg,Multicolored,Medium,Single,textured
butterfly,BirdwingButterflyMale_big.jpg,Multicolored,Medium,Single,textured
muffins,26416_Muffin Pic.jpg,Multicolored,Medium,Single,textured
muffins,Muffin-701330.JPG,Multicolored,Medium,Single,textured
muffins,_40507423_muffin.jpg,Orange,Medium,Single,textured
muffins,blueberryST_350x350.jpg,Multicolored,Medium,Single,textured
muffins,carrotraisinmuffin_large.jpg,Orange,Large,Single,textured
muffins,img_9246-muffin.jpg,Orange,Medium,Single,textured
muffins,muffin.jpg,Yellow,Large,Single,textured
muffins,muffin02.jpg,Yellow,Medium,Single,textured
muffins,muffin_12_large.jpg,Multicolored,Medium,Single,textured
muffins,muffin_4_large.jpg,Orange,Large,Single,textured
muffins,muffin_6_large.jpg,Orange,Medium,Single,textured
muffins,muffin_7_large.jpg,Multicolored,Large,Single,textured
muffins,muffin_9_large.jpg,Multicolored,Medium,Single,textured
muffins,muffins.jpg,Multicolored,Medium,Single,textured
muffins,orangecranberrymuffin_large.jpg,Multicolored,Large,Single,textured
pitcher,APITCHER.jpg,Yellow,Medium,Single,textured
pitcher,APITCHER6.jpg,Multicolored,Medium,Single,textured
pitcher,APITCHER8.jpg,Green,Medium,Single,smooth
pitcher,Apitcher10.jpg,Yellow,Medium,Single,textured
pitcher,Apitcher12.jpg,Multicolored,Large,Single,textured
pitcher,Apitcher18.jpg,Yellow,Medium,Single,textured
pitcher,Apitcher19.jpg,Grey,Medium,Single,smooth
pitcher,Apitcher25.jpg,Multicolored,Medium,Single,textured
pitcher,Apitcher46.jpg,Yellow,Medium,Single,textured
pitcher,Apitcher54.jpg,Orange,Medium,Single,textured
pitcher,Apitcher57.jpg,Green,Medium,Single,textured
pitcher,Apitcher66.jpg,Blue,Medium,Single,textured
pitcher,Awaterpitcher.jpg,Orange,Medium,Single,textured
pitcher,Pitcher.jpg,Blue,Medium,Single,smooth
pitcher,water pitcher 8.jpg,Grey,Medium,Multiple,textured
tennisracquet,0002638858057_500X500.jpg,Multicolored,Small,Single,textured
tennisracquet,10132251_2571954.jpg,Grey,Small,Single,textured
tennisracquet,230007.jpg,Grey,Small,Single,textured
tennisracquet,INS446.jpg,Multicolored,Medium,Single,textured
tennisracquet,Wilson53Big.jpg,Multicolored,Small,Single,textured
tennisracquet,p2163778dt.jpg,Pink,Small,Single,textured
tennisracquet,p2363441dt.jpg,Multicolored,Small,Single,textured
tennisracquet,p3656750dt.jpg,Multicolored,Small,Single,textured
tennisracquet,p919807dt.jpg,Multicolored,Small,Single,textured
tennisracquet,pG01-1227727dt.jpg,Grey,Small,Single,textured
tennisracquet,pG01-2750688dt-1.jpg,Green,Medium,Single,textured
tennisracquet,pG01-3338178dt.jpg,Grey,Small,Single,textured
tennisracquet,pG01-3366117dt.jpg,Multicolored,Small,Single,textured
tennisracquet,pG01-3556745dt.jpg,Multicolored,Small,Single,textured
tennisracquet,thumb_tennisracquet_m.jpg,Multicolored,Small,Single,textured
phone,22831140.thl.jpg,Grey,Medium,Single,textured
phone,26377681.thl.jpg,Blue,Medium,Single,textured
phone,26377754.thl.jpg,Blue,Medium,Single,textured
phone,26378271.thl.jpg,Yellow,Medium,Single,textured
phone,26379320.thl.jpg,Green,Medium,Single,textured
phone,26379340.thl.jpg,Yellow,Large,Single,textured
phone,26379359.thl.jpg,Red,Medium,Single,textured
phone,26379371.thl.jpg,Yellow,Medium,Single,textured
phone,8047915.thl.jpg,Multicolored,Medium,Single,textured
phone,8081131.thl.jpg,Multicolored,Medium,Single,textured
phone,ABLUPHONE.jpg,Blue,Small,Single,textured
phone,AFAXPHON6.jpg,Blue,Medium,Single,textured
phone,AOFFPHON3.jpg,Grey,Medium,Single,textured
phone,Atelephone2.jpg,Multicolored,Medium,Single,textured
phone,Atelephone4.jpg,Red,Medium,Single,textured
headband,412jtc-Z5wL._AA262_.jpg,Multicolored,Medium,Single,textured
headband,41lPACXMBOL._AA262_.jpg,Purple,Medium,Single,smooth
headband,5135Rwqb34L._AA262_.jpg,Grey,Medium,Single,textured
headband,51PoG4nuvAL._AA262_.jpg,Orange,Medium,Single,textured
headband,51Rilap+daL._AA262_.jpg,Multicolored,Medium,Single,smooth
headband,51asMfq7iPL._AA262_.jpg,Multicolored,Medium,Single,textured
headband,51stMSsTr1L._AA262_.jpg,Orange,Medium,Single,textured
headband,51tUbFm-YVL._AA262_.jpg,Multicolored,Medium,Single,textured
headband,51yp9bkj1ML._AA262_.jpg,Multicolored,Medium,Single,textured
headband,61ZiBPQfvmL._AA262_.jpg,Multicolored,Medium,Single,textured
headband,ClassicHeadband-Red.jpg,Red,Small,Single,textured
headband,Lavender Headband.gif.jpg,Multicolored,Small,Single,textured
headband,PinkPassionWoovenHeadband.jpg,Pink,Small,Single,textured
headband,SimplyChickHeadband32.jpg,Multicolored,Small,Single,textured
headband,tara_headband.jpg,Multicolored,Medium,Single,smooth
bagel,100_5825.JPG,Multicolored,Large,Single,textured
bagel,100_5834.JPG,Multicolored,Medium,Single,textured
bagel,1232_bagel_large.jpg,Orange,Medium,Single,textured
bagel,1342_bialy_large.jpg,Multicolored,Medium,Single,textured
bagel,8144-41e6c9c368e93_thumb_large.jpg,Yellow,Medium,Single,textured
bagel,_wsb_198x152_poppy+seed+bagel.jpg,Yellow,Medium,Single,textured
bagel,bagels_cinnraisin_large.jpg,Orange,Medium,Single,textured
bagel,bagels_onion_large.jpg,Multicolored,Medium,Single,textured
bagel,bagels_pumpernickel_large.jpg,Orange,Medium,Single,textured
bagel,bagels_sesame_large.jpg,Multicolored,Medium,Single,textured
bagel,bagels_wholewheat_large.jpg,Orange,Medium,Single,textured
bagel,iStock_bagel_small.jpg,Multicolored,Medium,Single,textured
bagel,photo-169.jpg,Yellow,Medium,Single,textured
bagel,salt_2.JPG,Orange,Medium,Single,textured
bagel,spinach10.jpg,Yellow,Medium,Single,textured
grill,3125446a-3b94-4c93-8ebc-3b2939d3f123_300.jpg,Multicolored,Medium,Single,smooth
grill,34358c0d-d56c-4098-9308-0dbaf2c0cfd1_300.jpg,Grey,Medium,Single,smooth
grill,34ddc053-6341-4998-8743-c02bc3d0503b_300.jpg,Black,Small,Single,textured
grill,3b83188c-1e8a-45f8-91e7-54fb8b009e47_300.jpg,Grey,Medium,Single,smooth
grill,570956c3-d67f-46c9-87b1-ae47a3b0a075_300.jpg,Multicolored,Medium,Single,smooth
grill,574b3f88-61c2-4907-955c-465e0e36e368_300.jpg,Grey,Medium,Single,smooth
grill,600e4421-bf57-4f0d-806f-5fa342757801_300.jpg,Grey,Medium,Single,smooth
grill,999cabc3-a5e9-4135-8b8e-949d4f250ef3_300.jpg,Grey,Medium,Single,smooth
grill,9fbd051d-a971-4a97-b997-df79a78a046a_300.jpg,Grey,Medium,Single,smooth
grill,AGRILL.jpg,Black,Medium,Single,textured
grill,a763a77b-eaa7-4306-92e7-b193da02a17b_300.jpg,Multicolored,Medium,Single,smooth
grill,b20f94d1-e2ca-4c3e-9cac-6cc5c58256e5_300.jpg,Blue,Medium,Single,smooth
grill,b774e8e2-d603-4652-97e4-29b3b279ffa4_300.jpg,Grey,Medium,Single,smooth
grill,f8645b0d-16a9-4921-b825-93c0938822c2_300.jpg,Multicolored,Medium,Single,smooth
grill,f86bc49b-68cd-49f8-8842-9cd458aab0af_300.jpg,Grey,Medium,Single,textured
basket,ABASKET13.jpg,Yellow,Medium,Single,textured
basket,Abasket23.jpg,Multicolored,Medium,Single,textured
basket,Abasket41.jpg,Yellow,Medium,Single,textured
basket,Abasket56.jpg,Yellow,Medium,Single,textured
basket,Abasket60.jpg,Yellow,Small,Single,textured
basket,Abasket68.jpg,Yellow,Medium,Single,textured
basket,Abasket73.jpg,Multicolored,Medium,Single,textured
basket,Abasket97.jpg,Yellow,Medium,Single,textured
basket,Astrawbasket2.jpg,Orange,Medium,Single,textured
basket,Awickerbask11.jpg,Orange,Medium,Single,textured
basket,Awickerbask21.jpg,Orange,Medium,Single,textured
basket,Awickerbask27.jpg,Orange,Medium,Single,textured
basket,Awickerbaske2.jpg,Yellow,Small,Single,textured
basket,Awickerbaske5.jpg,Yellow,Medium,Single,textured
basket,Awoodbasket19.jpg,Grey,Medium,Single,textured
bell,22863036.thl.jpg,Yellow,Small,Single,smooth
bell,22863108.thl.jpg,Grey,Small,Single,smooth
bell,22863204.thl.jpg,Multicolored,Medium,Single,smooth
bell,26374701.thl.jpg,Multicolored,Small,Single,textured
bell,26422101.thl.jpg,Yellow,Small,Single,textured
bell,ABELL.jpg,Multicolored,Medium,Single,textured
bell,ABELL2.jpg,Yellow,Small,Single,textured
bell,ABELL3.jpg,Grey,Small,Single,textured
bell,ABELL31.jpg,Yellow,Small,Single,textured
bell,ABELL32.jpg,Yellow,Small,Single,textured
bell,ABELL39.jpg,Multicolored,Small,Single,textured
bell,Abell49.jpg,Multicolored,Small,Single,textured
bell,Abell50.jpg,Multicolored,Small,Single,smooth
bell,Abell53.jpg,Multicolored,Small,Single,textured
bell,LF-42BELL-RG.jpg,Multicolored,Small,Single,textured
sodacan,0008390000031_LG.jpg,Multicolored,Medium,Single,smooth
sodacan,11611large.jpg,Multicolored,Medium,Single,smooth
sodacan,2300.jpg,Multicolored,Medium,Single,smooth
sodacan,51004s.jpg,Multicolored,Medium,Single,smooth
sodacan,7upNat12ozDryNOW.jpg,Multicolored,Medium,Single,smooth
sodacan,Caesar_CanExtraSpicy.jpg,Multicolored,Medium,Single,smooth
sodacan,Canada Dry Ginger Ale L.jpg,Multicolored,Medium,Single,smooth
sodacan,Newspritecan.JPG,Multicolored,Medium,Single,smooth
sodacan,dietcoke.jpg,Multicolored,Medium,Single,smooth
sodacan,image.jpg,Multicolored,Medium,Single,smooth
sodacan,lg_fresca_cherry_can.jpg,Multicolored,Medium,Single,smooth
sodacan,lg_mm_light_cherry_limeade.jpg,Multicolored,Medium,Single,smooth
sodacan,pepsi_cola_can.JPG.jpg,Multicolored,Medium,Single,smooth
sodacan,redbull.jpg,Multicolored,Medium,Single,smooth
sodacan,url.jpg,Multicolored,Medium,Single,smooth
microwave,00000109862-AmanaToasterOvenMicrowaveAMC5108AA-large.jpg,Grey,Medium,Single,textured
microwave,18849097_640.jpg,Grey,Large,Single,textured
microwave,4807614_640.jpg,Multicolored,Medium,Single,textured
microwave,B00009YK4K.01.LZZZZZZZ.jpg,Multicolored,Medium,Single,textured
microwave,Hinari Stainless Steel Microwave Oven.jpg,Grey,Medium,Single,textured
microwave,JVM1870CF.jpg,White,Medium,Single,textured
microwave,Microwave2.jpg,Multicolored,Medium,Single,textured
microwave,Microwave_Oven.jpg,Multicolored,Medium,Single,textured
microwave,beyond-smart-microwave-oven.jpg,Blue,Medium,Single,textured
microwave,dealerImage_843.jpg,Multicolored,Medium,Single,textured
microwave,hmgdMicrowavesPanasonicPanasonic_Genius_MicrowaveConvection_Oven-resized200.jpg,Multicolored,Medium,Single,textured
microwave,microwave_smll.jpg,Grey,Medium,Single,textured
microwave,r20357v-1.jpg,Multicolored,Medium,Single,textured
microwave,tc1050b_500pix.jpg,Multicolored,Medium,Single,textured
microwave,tm5050s-500.jpg,Grey,Medium,Single,textured
trophy,1909 Rheims Gordon Bennet Trophy.jpg,Orange,Small,Single,textured
trophy,ATROPHY17.jpg,Multicolored,Medium,Single,textured
trophy,ATROPHY2.jpg,Yellow,Small,Single,textured
trophy,ATROPHY22.jpg,Orange,Medium,Single,textured
trophy,ATROPHY8.jpg,Multicolored,Medium,Single,textured
trophy,Atrophy63.jpg,Red,Medium,Single,textured
trophy,Atrophy64.jpg,Red,Medium,Single,textured
trophy,Commander in Chief Trophy.jpg,Multicolored,Medium,Single,textured
trophy,GGstat_2.jpg,Multicolored,Small,Single,textured
trophy,PokerStatueTrophyABC.jpg,Multicolored,Medium,Single,textured
trophy,baseball-trophy.jpg,Multicolored,Medium,Single,textured
trophy,cspg-trophy-lg.jpg,Orange,Medium,Single,textured
trophy,oscar_trophy.jpg,Multicolored,Small,Single,textured
trophy,stainforth-trophy.jpg,Yellow,Small,Single,textured
trophy,trophy4base.jpg,Multicolored,Small,Single,textured
fan,01393.fpx.jpg,Multicolored,Medium,Single,textured
fan,116544_sk_lg.jpg,Grey,Small,Single,textured
fan,124771_sk_lg.jpg,Multicolored,Medium,Single,textured
fan,250679_lg.jpg,Multicolored,Large,Single,textured
fan,30090.fpx.jpg,Orange,Small,Single,textured
fan,507349_sk_lg.jpg,Grey,Medium,Single,textured
fan,511976_sk_lg.jpg,Multicolored,Medium,Single,textured
fan,AFAN39.jpg,Grey,Medium,Single,textured
fan,CFT401.jpg,Grey,Medium,Single,textured
fan,FT-40A.jpg,Grey,Medium,Single,textured
fan,Table_Fan.jpg,Blue,Medium,Single,textured
fan,f_tf1224_angle.jpg,Grey,Medium,Single,textured
fan,n_hsf.jpg,Multicolored,Small,Single,textured
fan,n_sf.jpg,Multicolored,Small,Single,textured
fan,n_sf_1666.jpg,Grey,Small,Single,textured
lei,26369935.thl.jpg,Green,Medium,Single,textured
lei,ALEI10.jpg,Multicolored,Small,Single,textured
lei,ALEI16.jpg,Multicolored,Small,Single,textured
lei,ALEI5.jpg,Multicolored,Medium,Single,textured
lei,ALEI6.jpg,Multicolored,Medium,Single,textured
lei,ALEI8.jpg,Multicolored,Medium,Single,textured
lei,Alei22.jpg,Multicolored,Small,Single,textured
lei,HLIslndOr50.jpg,Multicolored,Medium,Single,textured
lei,HLWhOrRoseLge.jpg,Multicolored,Small,Single,textured
lei,Mixed-Color-Single-Bloom-Le.jpg,Multicolored,Medium,Single,textured
lei,White-Single-Bloom-Lei.jpg,Multicolored,Small,Single,textured
lei,happy-lei-light-green.jpg,Yellow,Small,Single,textured
lei,lanilei.jpg,Red,Medium,Single,textured
lei,orchid-lei.jpg,Red,Medium,Single,textured
lei,rainbow-lei.jpg,Multicolored,Small,Single,textured
stapler,0001.jpg,Red,Medium,Single,textured
stapler,029280e.jpg,Multicolored,Small,Single,smooth
stapler,0705.jpg,Blue,Medium,Single,textured
stapler,26377642.thl.jpg,Multicolored,Small,Single,smooth
stapler,26392619.thl.jpg,Grey,Small,Single,smooth
stapler,4548076151777.jpg,Grey,Medium,Single,textured
stapler,Astapler39.jpg,Pink,Medium,Single,smooth
stapler,Astapler52.jpg,Multicolored,Medium,Single,smooth
stapler,DSC00961.JPG,Multicolored,Small,Single,smooth
stapler,Stapler_10-DFL.jpg,Multicolored,Medium,Single,smooth
stapler,Stapler_HR.jpg,Blue,Medium,Single,smooth
stapler,agrafeuses.jpg,Red,Medium,Single,smooth
stapler,ksu-stapler.jpg,Purple,Medium,Single,smooth
stapler,red-swingline-stapler.jpg,Red,Small,Single,smooth
stapler,red_shock_stapler.jpg,Red,Medium,Single,smooth
exercise_equipment,00000103278-BowFlexXtreme2-large.jpg,Grey,Small,Single,textured
exercise_equipment,1000SL.jpg,Blue,Small,Single,textured
exercise_equipment,130bench.jpg,Grey,Small,Single,smooth
exercise_equipment,4600.jpg,Multicolored,Small,Single,textured
exercise_equipment,7956-500.jpg,Multicolored,Small,Single,smooth
exercise_equipment,B50.jpg,Grey,Small,Single,smooth
exercise_equipment,Exercise_Bike_ProForm_Magnetic_1150Ci_Cycle.jpg,Grey,Small,Single,textured
exercise_equipment,Horizon_EX44_Elliptical.jpg,Grey,Small,Single,smooth
exercise_equipment,Life-Fitness-C1-5-Upright-Exercise-Bike.jpg,Multicolored,Small,Single,smooth
exercise_equipment,Proform_1000S_Treadmill.jpg,Grey,Small,Single,textured
exercise_equipment,as1647.jpg,Grey,Small,Single,smooth
exercise_equipment,exebike.jpg,Grey,Medium,Single,textured
exercise_equipment,life-fitness-r3-5-lifecycle-recumbent-exercise-bike.jpg,Black,Medium,Single,textured
exercise_equipment,nordictrack_938_elliptical.jpg,Multicolored,Small,Single,smooth
exercise_equipment,proform700-big.jpg,Grey,Small,Single,smooth
handgun,"COlt Gold Cup Mk IV Ser 80 Stainless, P1010003.JPG",Multicolored,Small,Single,textured
handgun,"CZ 85, 2 mags, P1010025.JPG",Orange,Small,Single,textured
handgun,CZ_75_bright_DG.JPG,Blue,Medium,Single,textured
handgun,Colt 1911 Gov't Model cal 455 Eley ser w 29363 right side with mag.JPG,Multicolored,Small,Single,textured
handgun,Colt official police heavy barrel 020.jpg,Multicolored,Small,Single,textured
handgun,LLAMA 87 Target MVC-025F.jpg,Multicolored,Small,Single,textured
handgun,"Norinco NZ85B cropped & bright, P1010025.JPG",Multicolored,Medium,Single,textured
handgun,"Para Ordnance P 14-45 Limited 45 ACP, right side, P1010029aaaaaaaaaaaaaa.jpg",Multicolored,Small,Single,textured
handgun,Pietta 1873 Colt SAA copy 1st model cropped bright.JPG,Multicolored,Small,Single,textured
handgun,"Ruger 22 45, cal 22LR Stainless cropped right side.JPG",Multicolored,Small,Single,textured
handgun,"Uberti Schofield 45LC, cropped bright.JPG",Multicolored,Small,Single,textured
handgun,hI sTANDARD sUPERMATIC P1010002qqqqqqqqqqqqqq.JPG,Multicolored,Small,Single,textured
handgun,handgun1 copy.jpg,Multicolored,Medium,Single,textured
handgun,handgun2.jpg,Multicolored,Small,Single,textured
handgun,"norinco NP 84, P1010004 cropped.JPG",Multicolored,Medium,Single,textured
seashell,429345994_b87bb03366.jpg,Orange,Medium,Single,textured
seashell,ASEASH12.jpg,Multicolored,Small,Single,textured
seashell,ASEASH5.jpg,Yellow,Medium,Single,textured
seashell,ASEASHE17.jpg,Yellow,Medium,Single,textured
seashell,ASEASHE39.jpg,Orange,Small,Single,textured
seashell,ASEASHE47.jpg,Multicolored,Medium,Single,textured
seashell,ASEASHEL9.jpg,Yellow,Small,Single,textured
seashell,Aseashe34.jpg,Yellow,Small,Single,textured
seashell,PY2H1461.jpg,Multicolored,Medium,Single,textured
seashell,coquillage.jpg,Orange,Medium,Single,textured
seashell,coquillage22.jpg,Multicolored,Medium,Single,textured
seashell,groscoquilagecreux.jpg,Multicolored,Medium,Single,textured
seashell,ph_stri_seashell.jpg,Orange,Small,Single,textured
seashell,seashell.jpg,Yellow,Medium,Single,textured
seashell,seashell34.jpg,Orange,Medium,Single,textured
powerstrip,01dccef1-d4b2-4d2e-a317-f2ed46b70b4b_400.jpg,White,Medium,Single,textured
powerstrip,3118YGHQWXL._AA262_.jpg,Grey,Medium,Single,textured
powerstrip,31oz6aGZN7L._AA262_.jpg,Grey,Small,Single,textured
powerstrip,412YZ25RFBL._AA262_.jpg,Black,Small,Single,textured
powerstrip,41AWBNXQRML._AA262_.jpg,Multicolored,Medium,Single,textured
powerstrip,41Bw7Tl1G7L._AA262_.jpg,Black,Medium,Single,textured
powerstrip,41CXESEH1TL._AA262_.jpg,Grey,Medium,Single,textured
powerstrip,41D3CX96H9L._AA262_.jpg,Grey,Medium,Single,textured
powerstrip,59d69605-c8c8-4899-bd98-2ef78045147e_300.jpg,Grey,Medium,Single,textured
powerstrip,67a59858-df1d-43a9-a833-cfeaca77ade9_400.jpg,Grey,Medium,Single,textured
powerstrip,6a30daf6-943c-4ced-bfa0-c42f35b22380_400.jpg,Grey,Medium,Single,textured
powerstrip,6bd437c9-6165-4d36-bf75-9a1038783c6a_400.jpg,Multicolored,Small,Single,textured
powerstrip,88b2c724-e781-44ae-85d5-27b7591f659d_400.jpg,Grey,Small,Single,textured
powerstrip,93e4a283-bcd6-4ad1-8add-339658cda0fc_400.jpg,Grey,Medium,Single,textured
powerstrip,9ad9cb76-bc97-4f44-999c-27e7aa039743_400.jpg,Multicolored,Medium,Single,textured
lipstick,11uuoPMY+OL._SS500_.jpg,Grey,Small,Single,smooth
lipstick,21K0D7QKFAL._SS500_.jpg,Multicolored,Small,Single,smooth
lipstick,21SS8DBWDQL._SS500_.jpg,Multicolored,Small,Single,smooth
lipstick,31sCvjMS3jL._SS500_.jpg,Black,Medium,Multiple,smooth
lipstick,P101401_hero.jpg,Multicolored,Small,Single,smooth
lipstick,P109907_hero.jpg,Grey,Small,Single,smooth
lipstick,P145703_hero.jpg,Multicolored,Medium,Multiple,smooth
lipstick,P170102_hero.jpg,Multicolored,Small,Single,smooth
lipstick,P173709_hero.jpg,Multicolored,Small,Multiple,smooth
lipstick,P174215_hero.jpg,Multicolored,Medium,Multiple,smooth
lipstick,P182413_hero.jpg,Multicolored,Small,Multiple,smooth
lipstick,P184708_hero.jpg,Multicolored,Medium,Multiple,smooth
lipstick,P189145_hero.jpg,Yellow,Small,Single,smooth
lipstick,P35719_hero.jpg,Multicolored,Medium,Multiple,smooth
lipstick,P9436_hero.jpg,Grey,Small,Single,smooth
lantern,788c_1.JPG,Multicolored,Small,Single,textured
lantern,ACE_FALL_2005_CAMPING_LANTERN_HDL-10030.jpg,Multicolored,Medium,Single,textured
lantern,ALANTER57.jpg,Red,Medium,Single,textured
lantern,ALANTERN1.jpg,Blue,Small,Single,textured
lantern,ALANTERN4.jpg,Multicolored,Small,Single,textured
lantern,lanternnew01.jpg,Multicolored,Small,Single,textured
lantern,lanternnew03.jpg,Orange,Medium,Single,textured
lantern,lanternnew05.JPG,Multicolored,Small,Single,textured
lantern,lanternnew06.jpg,Multicolored,Medium,Single,textured
lantern,lanternnew07.jpg,Red,Small,Single,textured
lantern,lanternnew08.jpg,Multicolored,Medium,Single,textured
lantern,lanternnew10.jpg,Multicolored,Medium,Single,textured
lantern,lanternnew11.jpg,Yellow,Small,Single,textured
lantern,lanternnew12.jpg,Multicolored,Small,Single,textured
lantern,lanternnew13.jpg,Multicolored,Small,Single,textured
doorknob,020f7ec6-df08-40fa-b3a5-0dcfb762f085_4.jpg,Yellow,Large,Single,smooth
doorknob,30fdcb17-b0fd-4f26-8cd8-11adde46fb79_4.jpg,Grey,Medium,Single,smooth
doorknob,500_CLANYKAB.jpg,Yellow,Medium,Single,smooth
doorknob,500_CLAWALBC.jpg,Grey,Medium,Single,textured
doorknob,500_DECWHIPB.jpg,Yellow,Small,Single,textured
doorknob,500_MEAMEAOB.jpg,Red,Small,Single,textured
doorknob,500_PRACRYOB.jpg,Multicolored,Medium,Single,textured
doorknob,Brass_Door_Handle.jpg,Yellow,Small,Single,smooth
doorknob,Legacy_oval.jpg,Orange,Medium,Single,smooth
doorknob,Parth_Portofino_500.jpg,Multicolored,Medium,Single,smooth
doorknob,c02a578d-c6cc-44ca-8dd2-de8901e30bd7_4.jpg,Multicolored,Medium,Single,smooth
doorknob,chrome scroll latch handle.jpg,Grey,Medium,Single,textured
doorknob,d08d31bb-7484-41db-96f9-297aeb8651cd_4.jpg,Multicolored,Medium,Single,textured
doorknob,doorknob2.jpg,Yellow,Medium,Single,textured
doorknob,pro_l_116_medeco437ul.jpg,Yellow,Large,Single,textured
abacus,2sm.jpg,Multicolored,Small,Single,textured
abacus,568eur6.jpg,Multicolored,Medium,Single,textured
abacus,AbacusWoodScorekeeper300.jpg,Multicolored,Large,Single,textured
abacus,B93.80_Abacus.JPG,Multicolored,Medium,Single,textured
abacus,Soroban.JPG,Multicolored,Small,Single,textured
abacus,ab27.jpg,Multicolored,Medium,Single,textured
abacus,ab44.jpg,Multicolored,Medium,Single,textured
abacus,ab52.jpg,Orange,Medium,Single,textured
abacus,ab69.jpg,Multicolored,Medium,Single,textured
abacus,ab91.jpg,Multicolored,Medium,Single,textured
abacus,ab96.jpg,Orange,Medium,Single,textured
abacus,abacus1.jpg,Multicolored,Medium,Single,textured
abacus,abacus2.jpg,Multicolored,Medium,Single,textured
abacus,bg-abacus.jpg,Multicolored,Medium,Single,textured
abacus,url.jpg,Orange,Medium,Single,textured
jack-o-lantern,AJACKOL13.jpg,Orange,Large,Single,textured
jack-o-lantern,AJACKOL15.jpg,Multicolored,Medium,Single,textured
jack-o-lantern,AJACKOL18.jpg,Yellow,Large,Single,textured
jack-o-lantern,AJACKOL20.jpg,Multicolored,Medium,Single,textured
jack-o-lantern,AJACKOL22.jpg,Multicolored,Large,Single,textured
jack-o-lantern,AJACKOL24.jpg,Multicolored,Medium,Single,textured
jack-o-lantern,AJACKOL25.jpg,Multicolored,Large,Single,textured
jack-o-lantern,AJACKOL26.jpg,Multicolored,Large,Single,textured
jack-o-lantern,AJACKOL30.jpg,Multicolored,Medium,Single,textured
jack-o-lantern,AJACKOL31.jpg,Orange,Large,Single,textured
jack-o-lantern,AJACKOL52.jpg,Orange,Large,Single,textured
jack-o-lantern,famf0900ohnopump_ohno_pump.jpg,Orange,Medium,Single,textured
jack-o-lantern,famf0900pantherpum_panther_pump.jpg,Orange,Medium,Single,textured
jack-o-lantern,jackolantern.jpg,Multicolored,Medium,Single,textured
jack-o-lantern,pumpkin.jpg,Orange,Large,Single,textured
camcorder,00000102404-SonyDCRTRV280Digital8camcorder-large.jpg,Grey,Medium,Single,textured
camcorder,152.jpg,Multicolored,Medium,Single,textured
camcorder,Camcorder.jpg,Grey,Medium,Single,textured
camcorder,HDRFX7[2].jpg,Grey,Medium,Single,textured
camcorder,HV20_three_quarter_door_open_highres[2].jpg,Multicolored,Medium,Single,textured
camcorder,JVC_GZ-HD7_vanity_350[2]1.jpg,Grey,Medium,Single,textured
camcorder,Sony-DCR-SR1000-camcorder[4]1.jpg,Grey,Medium,Single,textured
camcorder,Style-DV3.jpg,Grey,Medium,Single,textured
camcorder,VPC-CA6[5].jpg,Grey,Medium,Single,textured
camcorder,aiptek_pocketdv_8900_camcorder.jpg,Multicolored,Medium,Single,textured
camcorder,b2c_l_scd6550.jpg,Blue,Medium,Single,textured
camcorder,camcorderf235f333.jpg,Multicolored,Medium,Single,textured
camcorder,canonhv10camcorder.jpg,Multicolored,Medium,Single,textured
camcorder,sony-HDR-HC3-camcorder.jpg,Grey,Medium,Single,textured
camcorder,sonytrv218_418a.jpg,Multicolored,Medium,Single,textured
bird,26392638.thl.jpg,White,Medium,Single,textured
bird,Abird19.jpg,Multicolored,Medium,Single,textured
bird,Abird21.jpg,Multicolored,Medium,Single,textured
bird,Abird22.jpg,Multicolored,Medium,Single,textured
bird,Abird26.jpg,Multicolored,Small,Single,textured
bird,Abird27.jpg,Multicolored,Small,Single,textured
bird,Abird41.jpg,Grey,Small,Single,textured
bird,Abird43.jpg,Grey,Medium,Single,textured
bird,Abird51.jpg,Multicolored,Medium,Single,textured
bird,Abird6.jpg,Multicolored,Small,Single,textured
bird,Abird7.jpg,Multicolored,Small,Single,textured
bird,birdnew01.JPG,Multicolored,Medium,Single,textured
bird,birdnew02.jpg,Orange,Small,Single,textured
bird,birdnew03.jpg,Multicolored,Small,Single,textured
bird,birdnew04.jpg,Multicolored,Small,Single,textured
saddle,0.jpg,Multicolored,Medium,Single,textured
saddle,08-1286.jpg,Yellow,Small,Single,textured
saddle,08-1586-2.jpg,Multicolored,Medium,Single,textured
saddle,08-tf902.jpg,Brown,Medium,Single,textured
saddle,1017.jpg,Brown,Medium,Single,textured
saddle,1026.jpg,Orange,Medium,Single,textured
saddle,1027b.jpg,Multicolored,Medium,Single,textured
saddle,150px-Saddle_Side_Black_L.jpg,Grey,Medium,Single,smooth
saddle,DGS Saddle.jpg,Orange,Medium,Single,smooth
saddle,Tarpin-Hill-Round-Back-Trai.jpg,Red,Medium,Single,textured
saddle,_--DSCF3753.jpg,Orange,Medium,Single,textured
saddle,green saddle .jpg,Grey,Medium,Single,textured
saddle,mlc-1583-draft-saddle.jpg,Multicolored,Medium,Single,textured
saddle,mlc-3501-mule-saddle.jpg,Orange,Small,Single,textured
saddle,single flap.jpg,Orange,Small,Single,textured
handbag,AHANDBAG6.jpg,Multicolored,Medium,Single,textured
handbag,AHANDBAG7.jpg,Blue,Medium,Single,textured
handbag,AHANDBAG9.jpg,Yellow,Medium,Single,textured
handbag,APURSE24.jpg,Multicolored,Medium,Single,textured
handbag,APURSE46.jpg,Blue,Small,Single,textured
handbag,APURSE52.jpg,Multicolored,Medium,Single,textured
handbag,APURSE59.jpg,Orange,Medium,Single,textured
handbag,Ahandbag13.jpg,Red,Medium,Single,textured
handbag,Ahandbag15.jpg,Multicolored,Medium,Single,textured
handbag,Ahandbag51.jpg,Multicolored,Medium,Single,textured
handbag,Ahandbag69.jpg,Yellow,Medium,Single,textured
handbag,Ahandbag74.jpg,Yellow,Large,Single,textured
handbag,chicken-purse.jpg,Yellow,Medium,Single,textured
handbag,purses.jpg,Blue,Medium,Single,textured
handbag,stingray-leather-hobo-handbag-1.jpg,Grey,Medium,Single,textured
stool,ASTOOL.jpg,Yellow,Medium,Single,textured
stool,ASTOOL22.jpg,Grey,Small,Single,smooth
stool,ASTOOL23.jpg,Grey,Small,Single,smooth
stool,ASTOOL25.jpg,Multicolored,Medium,Single,textured
stool,ASTOOL26.jpg,Multicolored,Small,Single,smooth
stool,ASTOOL28.jpg,Multicolored,Small,Single,smooth
stool,ASTOOL30.jpg,Multicolored,Small,Single,smooth
stool,ASTOOL33.jpg,Multicolored,Small,Single,textured
stool,ASTOOL38.jpg,Multicolored,Small,Single,textured
stool,ASTOOL42.jpg,Multicolored,Medium,Single,textured
stool,ASTOOL44.jpg,Multicolored,Medium,Single,textured
stool,ASTOOL46.jpg,Multicolored,Small,Single,smooth
stool,ASTOOL7.jpg,Multicolored,Small,Single,textured
stool,henrybar_stool1.jpg,Multicolored,Small,Single,smooth
stool,hjscott-sbs-b-bar-stool.jpg,Orange,Small,Single,textured
toyrabbit,ASTUFBUN7.jpg,Multicolored,Medium,Single,textured
toyrabbit,ASTUFFB14.jpg,Multicolored,Medium,Single,textured
toyrabbit,ASTUFFRA3.jpg,Multicolored,Medium,Single,textured
toyrabbit,ASTUFRAB5.jpg,Multicolored,Medium,Single,textured
toyrabbit,Arabbit13.jpg,Multicolored,Medium,Single,textured
toyrabbit,Arabbit20.jpg,Multicolored,Small,Single,textured
toyrabbit,Arabbit22.jpg,Multicolored,Medium,Single,textured
toyrabbit,Arabbit28.jpg,White,Medium,Single,textured
toyrabbit,Arabbit32.jpg,Multicolored,Small,Single,textured
toyrabbit,Arabbit34.jpg,Grey,Medium,Single,textured
toyrabbit,Arabbit36.jpg,Multicolored,Medium,Single,textured
toyrabbit,Arabbit41.jpg,Multicolored,Medium,Single,textured
toyrabbit,Arabbit46.jpg,Multicolored,Medium,Single,textured
toyrabbit,Astuffra9.jpg,Grey,Medium,Single,textured
toyrabbit,Astufrab3.jpg,Multicolored,Medium,Single,textured
candleholderwithcandle,ACANDFLO3.jpg,Multicolored,Small,Single,textured
candleholderwithcandle,ACANDFLOW.jpg,Multicolored,Small,Single,textured
candleholderwithcandle,ACANDL.jpg,Yellow,Small,Single,smooth
candleholderwithcandle,ACANDLAB.jpg,Multicolored,Small,Single,textured
candleholderwithcandle,ACANDLE1.jpg,Yellow,Small,Single,textured
candleholderwithcandle,ACANDLE24.jpg,Orange,Medium,Single,textured
candleholderwithcandle,ACANDLE45.jpg,Multicolored,Small,Single,smooth
candleholderwithcandle,ACANDLE51.jpg,Yellow,Small,Single,smooth
candleholderwithcandle,ACANDLEAB.jpg,Yellow,Small,Single,smooth
candleholderwithcandle,ACANDLES.jpg,Multicolored,Small,Single,textured
candleholderwithcandle,ACANDLES2.jpg,Multicolored,Small,Single,textured
candleholderwithcandle,ACANDLES3.jpg,Multicolored,Small,Single,textured
candleholderwithcandle,ACANDLHOL.jpg,Multicolored,Small,Single,smooth
candleholderwithcandle,ACOPPCAN2.jpg,Multicolored,Small,Single,textured
candleholderwithcandle,ACOPPCAN6.jpg,Multicolored,Small,Single,textured
cushion,ACUSHIO26.jpg,Multicolored,Large,Single,smooth
cushion,ACUSHIO31.jpg,Multicolored,Large,Single,textured
cushion,ACUSHIO33.jpg,Orange,Large,Single,smooth
cushion,ACUSHIO36.jpg,Orange,Large,Single,smooth
cushion,ACUSHIO37.jpg,Orange,Large,Single,smooth
cushion,ACUSHIO39.jpg,Red,Large,Single,textured
cushion,ACUSHIO43.jpg,Multicolored,Large,Single,textured
cushion,ACUSHIO47.jpg,Multicolored,Large,Single,textured
cushion,ACUSHIO55.jpg,Multicolored,Large,Single,textured
cushion,ACUSHIO59.jpg,Multicolored,Large,Single,textured
cushion,ACUSHIO69.jpg,Grey,Large,Multiple,textured
cushion,ACUSHIO81.jpg,Orange,Large,Single,textured
cushion,ACUSHIO83.jpg,Orange,Large,Single,textured
cushion,Acushion11.jpg,Blue,Large,Single,textured
cushion,Acushion13.jpg,Red,Large,Single,textured
lock,AANTLOCK3.jpg,Orange,Medium,Single,textured
lock,ALOCK13.jpg,Multicolored,Medium,Single,textured
lock,ALOCK6.jpg,Multicolored,Medium,Single,textured
lock,APADLOCK.jpg,Yellow,Medium,Single,textured
lock,Apadlock4.jpg,Multicolored,Medium,Single,textured
lock,Apadlock5.jpg,Multicolored,Medium,Single,smooth
lock,Padlock_full.jpg,Multicolored,Small,Single,smooth
lock,combination-padlock.jpg,Multicolored,Small,Single,smooth
lock,padlocknew01.jpg,Grey,Medium,Single,textured
lock,padlocknew02.jpg,Multicolored,Small,Single,textured
lock,padlocknew03.jpg,Grey,Medium,Single,textured
lock,padlocknew04.jpg,Multicolored,Medium,Single,smooth
lock,padlocknew05.jpg,Grey,Medium,Single,smooth
lock,round-discus-padlock.jpg,Multicolored,Medium,Single,smooth
lock,square_combo_lock_250.jpg,Grey,Large,Single,smooth
train,02565 ride on train.jpg,Multicolored,Medium,Single,smooth
train,After-RHS-2-web.jpg,Multicolored,Small,Single,textured
train,Model_Train.jpg,Multicolored,Small,Single,smooth
train,PL51190.jpg,Multicolored,Medium,Single,textured
train,Tin_Toy_Train_3643.jpg,Blue,Medium,Single,textured
train,images-products-childcraft-g83501.jpg,Multicolored,Medium,Single,smooth
train,iron_train.jpg,Multicolored,Small,Single,textured
train,master-TD006.jpg,Multicolored,Medium,Single,smooth
train,stackloco.jpg,Multicolored,Medium,Single,smooth
train,thomas-tank-pedal-car-lg.jpg,Multicolored,Medium,Single,textured
train,thumb-briolightsoundsteamengine.jpg,Multicolored,Medium,Single,smooth
train,train1.jpg,Orange,Medium,Single,textured
train,train2.jpg,Multicolored,Small,Single,textured
train,train3.jpg,Multicolored,Small,Single,textured
train,train9.jpg,Multicolored,Medium,Single,textured
bonzai,1033-large.jpg,Multicolored,Medium,Single,textured
bonzai,1608-large.jpg,Multicolored,Small,Single,textured
bonzai,1610-large.jpg,Multicolored,Medium,Single,textured
bonzai,1624-large.jpg,Multicolored,Medium,Single,textured
bonzai,1633-large.jpg,Multicolored,Medium,Single,textured
bonzai,1639-large.jpg,Multicolored,Medium,Single,textured
bonzai,ABONZAI.jpg,Multicolored,Small,Single,textured
bonzai,ABONZAI18.jpg,Multicolored,Medium,Single,textured
bonzai,ABONZAI23.jpg,Multicolored,Small,Single,textured
bonzai,ABONZAI24.jpg,Multicolored,Medium,Single,textured
bonzai,ABONZAI25.jpg,Multicolored,Medium,Single,textured
bonzai,ABONZAI5.jpg,Multicolored,Medium,Single,textured
bonzai,ABONZAI6.jpg,Multicolored,Medium,Single,textured
bonzai,bonsai.jpg,Multicolored,Medium,Single,textured
bonzai,bonsai_1142b.jpg,Multicolored,Medium,Single,textured
ring,05_05ring.jpg,Grey,Medium,Single,textured
ring,772PTP19013.jpg,Multicolored,Small,Single,textured
ring,9815863.thl.jpg,Multicolored,Medium,Single,textured
ring,Agoldring5.jpg,Yellow,Medium,Single,textured
ring,CYR4560-LG.jpg,Grey,Medium,Single,textured
ring,LH Diamond Ring.JPG,Multicolored,Medium,Single,textured
ring,MF Diamond Ring Full.jpg,Grey,Small,Single,textured
ring,Mens_Calais.jpg,Multicolored,Medium,Single,textured
ring,ROMSL1374.jpg,Yellow,Medium,Single,textured
ring,ROMSL1378.jpg,Multicolored,Small,Single,textured
ring,ROOPL0040.jpg,Yellow,Medium,Single,textured
ring,ROOPL0044.jpg,Multicolored,Medium,Single,textured
ring,classring.jpg,Multicolored,Medium,Single,textured
ring,fancy yellow diamond ring 12 new.jpg,Multicolored,Medium,Single,textured
ring,fancy_ring_pink.jpg,Multicolored,Medium,Single,textured
goggle,31MXGQ34N4L._AA280_.jpg,Multicolored,Small,Single,smooth
goggle,31tfbmFfZ3L._SS400_.jpg,Grey,Small,Single,smooth
goggle,AGOGGLES.jpg,Multicolored,Medium,Single,smooth
goggle,AGOGGLES3.jpg,Multicolored,Medium,Single,smooth
goggle,AGOGGLES4.jpg,Yellow,Small,Single,textured
goggle,AGOGGLES7.jpg,Multicolored,Medium,Single,smooth
goggle,AGOGGLES9.jpg,Multicolored,Small,Single,smooth
goggle,"GOGGLE, IMPORT, SPLIT, BLACK.jpg",Multicolored,Small,Single,textured
goggle,Goggles.jpg,Blue,Medium,Single,smooth
goggle,SPLIT LENS GOGGLES.jpg,Multicolored,Medium,Single,textured
goggle,Speedo Goggle.JPG,Multicolored,Small,Single,smooth
goggle,bolle-goggles.jpg,Grey,Medium,Single,smooth
goggle,digimarc.jpg,Multicolored,Medium,Single,textured
goggle,gogglexur-780906.jpg,Multicolored,Medium,Single,textured
goggle,rp_goggle_large.jpg,Multicolored,Medium,Single,smooth
trumpet,1000rl-s.jpg,Grey,Small,Single,smooth
trumpet,408l.jpg,Green,Small,Single,smooth
trumpet,JTP-606MRS.jpg,Grey,Small,Single,smooth
trumpet,JUP416S.JPG,Grey,Medium,Single,smooth
trumpet,JUPITER+JTR1000S.jpg,Yellow,Small,Single,smooth
trumpet,JUPITER+JTR1600GS.jpg,Grey,Small,Single,smooth
trumpet,JUPITER+JTR604L.jpg,Yellow,Small,Single,smooth
trumpet,JUPITER+TROMPETTE+606MRL.JPG,Yellow,Small,Single,smooth
trumpet,Matt-Stevens-Pocket-Trumpet.jpg,Yellow,Medium,Single,smooth
trumpet,hornabariton.jpg,Yellow,Small,Single,smooth
trumpet,truba1.jpg,Yellow,Small,Single,smooth
trumpet,trumpet.jpg,Yellow,Small,Single,smooth
trumpet,trumpet2.jpg,Yellow,Small,Single,smooth
trumpet,trumpet3.jpg,Orange,Small,Single,smooth
trumpet,trumpet33.jpg,Red,Small,Single,smooth
vase,8246344.thl.jpg,Multicolored,Medium,Single,textured
vase,Abluevase2.jpg,Multicolored,Small,Single,textured
vase,Avase106.jpg,Multicolored,Small,Single,textured
vase,Avase111.jpg,Multicolored,Medium,Single,textured
vase,Avase114.jpg,Multicolored,Medium,Single,textured
vase,Avase119.jpg,Multicolored,Medium,Single,textured
vase,Avase143.jpg,Green,Medium,Single,smooth
vase,Avase171.jpg,Grey,Medium,Single,textured
vase,Avase176.jpg,Yellow,Medium,Single,textured
vase,Avasewithang2.jpg,Orange,Medium,Single,textured
vase,Ethnic_Ceramic_Vase.jpg,Orange,Medium,Single,textured
vase,catphoto.jpg,Multicolored,Medium,Single,smooth
vase,designer-metal-vase.jpg,Multicolored,Medium,Single,textured
vase,vase-006af-1.jpg,Orange,Medium,Single,textured
vase,vase_crystal.jpg,Yellow,Medium,Single,textured
axe,22850592.thl.jpg,Multicolored,Small,Single,textured
axe,26419254.thl.jpg,Multicolored,Small,Single,textured
axe,26419256.thl.jpg,Multicolored,Small,Single,textured
axe,26419277.thl.jpg,Multicolored,Small,Single,textured
axe,26419278.thl.jpg,Orange,Small,Single,textured
axe,26421578.thl.jpg,Multicolored,Small,Single,textured
axe,26423943.thl.jpg,Multicolored,Small,Single,textured
axe,26424242.thl.jpg,Grey,Small,Single,textured
axe,26426214.thl.jpg,Grey,Small,Single,textured
axe,480 Broad Axe.jpg,Multicolored,Small,Single,textured
axe,AAXE12.jpg,Orange,Small,Single,textured
axe,AAXE14.jpg,Multicolored,Small,Single,textured
axe,AAXE17.jpg,Orange,Small,Single,textured
axe,AAXE19.jpg,Orange,Small,Single,textured
axe,AAXE24.jpg,Red,Small,Single,textured
tricycle,269-200613-_DSC0873.jpg,Multicolored,Small,Single,smooth
tricycle,269-_DSC0875.jpg,Multicolored,Small,Single,smooth
tricycle,Hot-Wheels-Tricycle.jpg,Multicolored,Medium,Single,smooth
tricycle,Michigan20Tricycle20Photo.jpg,Multicolored,Medium,Single,smooth
tricycle,Tricycle-Sky-Princess_W36-002-05-010.jpg,Multicolored,Medium,Single,smooth
tricycle,actrikered.jpg,Red,Small,Single,smooth
tricycle,blue_tricycle-326.jpg,Blue,Medium,Single,smooth
tricycle,giant_tricycle_ma_06_m.jpg,Blue,Small,Single,smooth
tricycle,main_21.jpg,Red,Small,Single,smooth
tricycle,main_6.jpg,Grey,Medium,Single,smooth
tricycle,sky-king-pedal-tricycle-classic-trike-vintage-bike-ride-on-toy.jpg,Red,Medium,Single,smooth
tricycle,t_500.jpg,Multicolored,Small,Single,smooth
tricycle,tricycle-bicycle-2.jpg,Multicolored,Medium,Single,smooth
tricycle,tricycle-chain-1.jpg,Multicolored,Medium,Single,smooth
tricycle,tricycle_542.jpg,Multicolored,Small,Single,smooth
toothpaste,414BCDBY0JLSS500.jpg,Multicolored,Small,Single,smooth
toothpaste,BMXEN.jpg,Multicolored,Small,Single,smooth
toothpaste,I6P6O.jpg,Green,Medium,Single,smooth
toothpaste,K8KVK.jpg,Multicolored,Medium,Single,smooth
toothpaste,W2MB1.jpg,Red,Medium,Single,smooth
toothpaste,colgate.jpg,Multicolored,Small,Single,smooth
toothpaste,kes2_2a.jpg,Multicolored,Small,Single,smooth
toothpaste,kt7328.jpg,Grey,Small,Single,smooth
toothpaste,r-1.jpg,Green,Small,Single,smooth
toothpaste,r.jpg,Multicolored,Small,Single,smooth
toothpaste,toothpaste.jpg,Red,Small,Single,smooth
toothpaste,toothpaste02.jpg,Multicolored,Small,Single,smooth
toothpaste,toothpaste03.jpg,Multicolored,Small,Single,smooth
toothpaste,toothpaste1.jpg,Multicolored,Small,Single,smooth
toothpaste,tube_of_toothpaste.jpg,Multicolored,Small,Single,smooth
nailpolish,117BDAkbo5L._AA160_.jpg,Purple,Medium,Single,smooth
nailpolish,127_t.jpg,Brown,Medium,Single,smooth
nailpolish,182_t.jpg,Blue,Medium,Single,smooth
nailpolish,200.jpg,Grey,Medium,Single,smooth
nailpolish,283-ILilacYouALot.jpg,Pink,Medium,Single,smooth
nailpolish,31cR10fzlML._AA280_.jpg,Purple,Small,Single,smooth
nailpolish,327636.jpg,Pink,Medium,Single,smooth
nailpolish,38031405.JPG,Multicolored,Medium,Single,smooth
nailpolish,8027_O.jpg,Red,Medium,Single,smooth
nailpolish,8037_O.jpg,Yellow,Medium,Single,smooth
nailpolish,MA_NP_WSD.jpg,Red,Medium,Single,smooth
nailpolish,NLM23_opi_nail_polish.jpg,Pink,Small,Single,smooth
nailpolish,Revlon_Super_Top_Speed_Chrome_Nail_Polish-resized200.jpg,Purple,Small,Single,smooth
nailpolish,froggy_t.jpg,Green,Medium,Single,smooth
nailpolish,laquerdUP.jpg,Red,Small,Single,smooth
calculator,22829064.thl.jpg,Multicolored,Medium,Single,textured
calculator,22829184.thl.jpg,Grey,Large,Single,textured
calculator,22829316.thl.jpg,Grey,Medium,Single,textured
calculator,22829340.thl.jpg,Multicolored,Large,Single,textured
calculator,22903496.thl.jpg,Multicolored,Medium,Single,textured
calculator,26377654.thl.jpg,Grey,Medium,Single,textured
calculator,26377655.thl.jpg,Grey,Medium,Single,textured
calculator,26377657.thl.jpg,Multicolored,Medium,Single,textured
calculator,26444301.thl.jpg,Purple,Medium,Single,textured
calculator,ACALCUL23.jpg,Multicolored,Medium,Single,textured
calculator,Acalculator10.jpg,Multicolored,Large,Single,textured
calculator,Acalculator3.jpg,Grey,Medium,Single,textured
calculator,Acalculatorso.jpg,Multicolored,Large,Single,textured
calculator,Aelectronicor.jpg,Multicolored,Large,Single,textured
calculator,Measuring_Tape_with_Calculator_and_Memo_Pad.jpg,Multicolored,Medium,Single,textured
pen,1259_2341_popup1.jpg,Blue,Small,Single,smooth
pen,1383_1749_popup copy.jpg,Grey,Small,Single,smooth
pen,1550_1475_popup1.jpg,Grey,Small,Single,smooth
pen,Aredpen3.jpg,Multicolored,Small,Single,smooth
pen,Montblanc-Blu-Starwalker-BP copy.jpg,Blue,Small,Single,smooth
pen,Montblanc_Greta_Garbo_BP copy.jpg,Multicolored,Small,Single,smooth
pen,VP-Raden-FP-L copy.jpg,Multicolored,Small,Single,smooth
pen,executive_pen2.jpg,Multicolored,Small,Single,smooth
pen,pen01.jpg,Multicolored,Small,Single,smooth
pen,pen02.jpg,Grey,Small,Single,smooth
pen,pen04.jpg,Grey,Small,Single,smooth
pen,pen05.jpg,Grey,Small,Single,smooth
pen,pen07.jpg,Pink,Small,Single,smooth
pen,pen08.jpg,Multicolored,Small,Single,smooth
pen,pen09.jpg,Grey,Small,Single,smooth
tree,AAUTTREE.jpg,Yellow,Medium,Single,textured
tree,APALMRTE4.jpg,Multicolored,Medium,Single,textured
tree,APALMRTEE.jpg,Multicolored,Medium,Single,textured
tree,APALMTRE3.jpg,Multicolored,Small,Single,textured
tree,APALMTREE.jpg,Multicolored,Small,Single,textured
tree,APALTREE2.jpg,Multicolored,Small,Single,textured
tree,APINETREE.jpg,Multicolored,Small,Single,textured
tree,ATREE.jpg,Multicolored,Medium,Single,textured
tree,ATREE10.jpg,Multicolored,Small,Single,textured
tree,ATREE12.jpg,Green,Medium,Single,textured
tree,ATREE17.jpg,Multicolored,Medium,Single,textured
tree,ATREE39.jpg,Multicolored,Small,Single,textured
tree,ATREE4.jpg,Multicolored,Medium,Single,textured
tree,ATREE6.jpg,Multicolored,Medium,Single,textured
tree,Atree50.jpg,Multicolored,Medium,Single,textured
earings,AEARING52.jpg,Multicolored,Small,Single,textured
earings,AEARINGS2.jpg,Yellow,Small,Multiple,textured
earings,AGOLDEA17.jpg,Yellow,Small,Multiple,textured
earings,Earrings-1.jpg,Multicolored,Medium,Multiple,textured
earings,Silver earrings 4 .JPG,Grey,Small,Multiple,textured
earings,bo77.jpg,Grey,Medium,Multiple,textured
earings,boucles_d_oreilles_bonchd_0203.jpg,Green,Medium,Multiple,textured
earings,brown_stone_earrings.jpg,Multicolored,Medium,Multiple,textured
earings,earrings.jpg,Yellow,Small,Multiple,textured
earings,earrings18.jpg,Multicolored,Small,Multiple,textured
earings,earrings22.jpg,Yellow,Small,Multiple,textured
earings,earrings24.jpg,Grey,Small,Multiple,textured
earings,earrings28.jpg,Multicolored,Small,Multiple,textured
earings,earrings_cpr_fib_opt_gld.jpg,Multicolored,Small,Multiple,textured
earings,helen-earrings-1.jpg,Multicolored,Small,Multiple,textured
toyhorse,013180.jpg,Brown,Medium,Single,textured
toyhorse,1054_detail.jpg,Orange,Medium,Single,textured
toyhorse,1072_detail.jpg,Yellow,Medium,Single,textured
toyhorse,1078_detail.jpg,Multicolored,Medium,Single,textured
toyhorse,1081_detail.jpg,Multicolored,Medium,Single,textured
toyhorse,1091_detail.jpg,Orange,Medium,Single,textured
toyhorse,1098_detail.jpg,Grey,Medium,Single,textured
toyhorse,1099_detail.jpg,Orange,Medium,Single,textured
toyhorse,1105_detail.jpg,Orange,Medium,Single,textured
toyhorse,1106_detail.jpg,Multicolored,Medium,Single,textured
toyhorse,Andalusian-toy.jpg,Grey,Small,Single,textured
toyhorse,HorseChocolateFlaxenKentuckyTraveller.jpg,Brown,Medium,Single,textured
toyhorse,HorseDappleGreyShezaDorable.jpg,Grey,Small,Single,textured
toyhorse,HorseDarkChestnutPatchesPride.jpg,Multicolored,Small,Single,textured
toyhorse,HorseMetallicChestnutGingerSnap.jpg,Orange,Medium,Single,smooth
gamehandheld,Gameboy1.jpg,Multicolored,Medium,Single,smooth
gamehandheld,Nintendo_DS.jpg,Grey,Medium,Single,smooth
gamehandheld,atari_lynx2.jpg,Multicolored,Medium,Single,textured
gamehandheld,gameboy-glacier.jpg,Multicolored,Medium,Single,smooth
gamehandheld,gameboy.jpg,Multicolored,Medium,Single,smooth
gamehandheld,gameboy_color_purple_gbc.jpg,Multicolored,Medium,Single,smooth
gamehandheld,gg_sys.jpg,Multicolored,Medium,Single,smooth
gamehandheld,gpwolf1.jpg,Multicolored,Medium,Single,smooth
gamehandheld,handheld-Zodiac.jpg,Grey,Medium,Multiple,smooth
gamehandheld,intro_gameboy.jpg,Multicolored,Medium,Single,smooth
gamehandheld,jeweled_gameboy.jpg,Multicolored,Medium,Single,textured
gamehandheld,ngpc_sys.jpg,Multicolored,Medium,Single,smooth
gamehandheld,nokia_n-gage.jpg,Grey,Medium,Single,smooth
gamehandheld,pink-psp.jpg,Pink,Medium,Single,smooth
gamehandheld,sonyPSP1.jpg,Black,Medium,Single,smooth
apple,22811306.thl.jpg,Multicolored,Large,Single,smooth
apple,26447160.thl.jpg,Multicolored,Large,Single,smooth
apple,26466361.thl.jpg,Red,Medium,Single,smooth
apple,8022842.thl.jpg,Green,Large,Single,smooth
apple,8023407.thl.jpg,Red,Medium,Single,smooth
apple,AAPPLE10.jpg,Yellow,Large,Single,smooth
apple,AAPPLE2.jpg,Orange,Large,Single,smooth
apple,AAPPLEGRA.jpg,Yellow,Medium,Single,smooth
apple,Aapple30.jpg,Orange,Large,Single,smooth
apple,Aapple33.jpg,Orange,Medium,Single,smooth
apple,Aapple34.jpg,Yellow,Large,Single,smooth
apple,Aapple39.jpg,Multicolored,Medium,Single,smooth
apple,Aredapple5.jpg,Multicolored,Large,Single,smooth
apple,apples-grannysmith.jpg,Multicolored,Medium,Single,smooth
apple,apples-spartan.jpg,Red,Large,Single,smooth
babushkadolls,5323_500.jpg,Multicolored,Medium,Multiple,smooth
babushkadolls,DSCF3365.jpg,Multicolored,Small,Multiple,smooth
babushkadolls,DSCF3366.jpg,Multicolored,Small,Multiple,smooth
babushkadolls,DSCF3373.jpg,Multicolored,Small,Multiple,smooth
babushkadolls,DSCF3593.jpg,Multicolored,Small,Multiple,smooth
babushkadolls,DSCF4489.jpg,Multicolored,Medium,Multiple,smooth
babushkadolls,Girl2.jpg,Multicolored,Medium,Multiple,smooth
babushkadolls,RD105_lg.jpg,Multicolored,Medium,Multiple,smooth
babushkadolls,d-1m.jpg,Multicolored,Medium,Multiple,smooth
babushkadolls,mat3-3.jpg,Multicolored,Medium,Multiple,smooth
babushkadolls,mat3-5.jpg,Multicolored,Small,Multiple,smooth
babushkadolls,mat51.jpg,Multicolored,Small,Multiple,smooth
babushkadolls,mat57.JPG,Multicolored,Small,Multiple,smooth
babushkadolls,matroshki.jpg,Multicolored,Medium,Single,smooth
babushkadolls,visual_babuska.jpg,Multicolored,Medium,Single,smooth
saltpeppershake,11455_bu.jpg,Multicolored,Medium,Multiple,textured
saltpeppershake,22819093.thl.jpg,Yellow,Large,Multiple,textured
saltpeppershake,26381136.thl.jpg,Grey,Medium,Multiple,smooth
saltpeppershake,26381224.thl.jpg,Brown,Medium,Multiple,smooth
saltpeppershake,37467.jpg,Grey,Medium,Multiple,smooth
saltpeppershake,ASALTPEPP.jpg,Yellow,Medium,Multiple,smooth
saltpeppershake,Salt_Pepper_Mills_Sets.jpg,Multicolored,Medium,Multiple,smooth
saltpeppershake,Salt_Shaker__Pepper_Shaker.jpg,Multicolored,Medium,Multiple,textured
saltpeppershake,TBL137.jpg,Grey,Medium,Single,textured
saltpeppershake,TRA802-12.jpg,Multicolored,Medium,Multiple,smooth
saltpeppershake,WoodenSaltPepperShakers.jpg,Multicolored,Medium,Single,smooth
saltpeppershake,ot35154000.jpg,Multicolored,Medium,Multiple,smooth
saltpeppershake,salt_pepper_404_l.jpg,Multicolored,Medium,Multiple,textured
saltpeppershake,saltpepper-lg.jpg,Multicolored,Medium,Single,smooth
saltpeppershake,saltpeppershakerjpg.jpg,Multicolored,Medium,Multiple,smooth
dresser,ADRESSE14.jpg,Brown,Medium,Single,textured
dresser,ADRESSE40.jpg,Brown,Large,Single,textured
dresser,ADRESSE43.jpg,Brown,Medium,Single,textured
dresser,ADRESSE46.jpg,Brown,Medium,Single,textured
dresser,ADRESSE52.jpg,Brown,Medium,Single,textured
dresser,ADRESSE55.jpg,Brown,Medium,Single,textured
dresser,ADRESSE58.jpg,Orange,Medium,Single,textured
dresser,ADRESSE66.jpg,Brown,Medium,Single,textured
dresser,ADRESSE70.jpg,Brown,Medium,Single,textured
dresser,ADRESSE77.jpg,Orange,Medium,Single,textured
dresser,ADRESSE79.jpg,Brown,Large,Single,textured
dresser,ADRESSE96.jpg,Red,Medium,Single,textured
dresser,ADRESSER.jpg,Brown,Medium,Single,textured
dresser,Adresser14.jpg,Brown,Medium,Single,textured
dresser,Adressertabl3.jpg,Brown,Large,Single,textured
rug,100_0116.jpg,Yellow,Medium,Single,textured
rug,26387092.thl.jpg,Multicolored,Medium,Single,textured
rug,A_Transylvanian_Rug_second_half_17th_century_Lot_103.jpg,Multicolored,Medium,Single,textured
rug,KARACHOV_RUG.jpg,Multicolored,Medium,Single,textured
rug,Pink-Greenrug.jpg,Multicolored,Medium,Single,textured
rug,Primaryrug.jpg,Multicolored,Large,Single,textured
rug,afshar-rug.jpg,Multicolored,Medium,Single,textured
rug,bergama-kiz.jpg,Multicolored,Medium,Single,textured
rug,hamadan-rug.jpg,Multicolored,Medium,Single,textured
rug,her9796.jpg,Orange,Large,Single,textured
rug,myrug2.jpg,Multicolored,Medium,Single,textured
rug,sarouk-rug.jpg,Multicolored,Medium,Single,textured
rug,senneh-hamadan.jpg,Multicolored,Medium,Single,textured
rug,tabriz-rug.jpg,Orange,Medium,Single,textured
rug,turkish-ziegler.jpg,Multicolored,Medium,Single,textured
wineglass,14472684.jpg,Grey,Small,Single,smooth
wineglass,Awineglass12.jpg,Blue,Small,Single,smooth
wineglass,Awineglass13.jpg,Grey,Small,Single,smooth
wineglass,Awineglass14.jpg,Green,Small,Single,smooth
wineglass,Awineglass18.jpg,Grey,Small,Single,smooth
wineglass,Awineglass7.jpg,Grey,Small,Single,textured
wineglass,B00005NJEW.01._SCLZZZZZZZ_.jpg,Grey,Small,Single,smooth
wineglass,Vivaldi verre a vin  blanc.jpg,Grey,Small,Single,textured
wineglass,av_vin2.jpg,Blue,Small,Single,smooth
wineglass,boontje wine glass.jpg,Grey,Small,Single,textured
wineglass,f42729 v[1]_Skyla_wineglass_cobv.jpg,Blue,Small,Single,smooth
wineglass,fig1_1.jpg,Multicolored,Medium,Single,smooth
wineglass,fig2_1.jpg,Multicolored,Small,Single,smooth
wineglass,navarra.jpg,Grey,Small,Single,smooth
wineglass,wineglass-225x225.jpg,Grey,Small,Single,smooth
breadloaf,23081044.thl.jpg,Brown,Medium,Single,textured
breadloaf,26447469.thl.jpg,Multicolored,Medium,Single,textured
breadloaf,26463993.thl.jpg,Multicolored,Medium,Single,textured
breadloaf,4652.JPG,Orange,Medium,Single,textured
breadloaf,4752.JPG,Orange,Small,Single,textured
breadloaf,4753.JPG,Orange,Small,Single,textured
breadloaf,4754.JPG,Orange,Medium,Single,textured
breadloaf,8027915.thl.jpg,Orange,Medium,Single,textured
breadloaf,8028038.thl.jpg,Orange,Medium,Single,textured
breadloaf,8028072.thl.jpg,Multicolored,Medium,Single,textured
breadloaf,8029721.thl.jpg,Yellow,Medium,Single,textured
breadloaf,ABREAD.jpg,Yellow,Medium,Single,textured
breadloaf,ABREAD11.jpg,Multicolored,Medium,Single,textured
breadloaf,breadnew01.jpg,Multicolored,Medium,Single,textured
breadloaf,breadnew03.JPG,Orange,Small,Single,textured
keyboard,1.jpg,Multicolored,Medium,Single,textured
keyboard,661-2939.jpg,Grey,Small,Single,textured
keyboard,B00000JFGT.01._AA280_SCLZZZZZZZ_.jpg,Grey,Medium,Single,textured
keyboard,Dell-keyboard_smart.jpg,Black,Medium,Single,textured
keyboard,S510.jpg,Multicolored,Medium,Single,textured
keyboard,Wireless_Keyboard___Optical_Mouse.jpg,Multicolored,Medium,Single,textured
keyboard,btc-key9116urf.jpg,Black,Medium,Single,textured
keyboard,foto-227.jpg,Black,Medium,Single,textured
keyboard,imperial-24g.jpg,Black,Medium,Single,textured
keyboard,keyboardnew02.jpg,Grey,Medium,Single,textured
keyboard,logitech-dinovo-edge.jpg,Grey,Medium,Single,textured
keyboard,logitech-mx3100_400x185.jpg,Black,Medium,Single,textured
keyboard,logitech_dinovo_media_desktop_laser.jpg,Blue,Medium,Single,textured
keyboard,microsoft_keyboard_wh.jpg,Grey,Medium,Single,textured
keyboard,windows_mce_wireless_keyboard_oem_large.jpg,Black,Small,Single,textured
meat,APACKME12.jpg,Red,Medium,Single,textured
meat,APACKME15.jpg,Red,Medium,Single,textured
meat,APACKME24.jpg,Red,Large,Single,textured
meat,APACKME32.jpg,Multicolored,Medium,Single,textured
meat,APACKME34.jpg,Orange,Medium,Single,textured
meat,APACKME35.jpg,Multicolored,Large,Single,textured
meat,APACKME42.jpg,Pink,Medium,Single,textured
meat,APACKME44.jpg,Multicolored,Medium,Single,textured
meat,APACKME45.jpg,Pink,Medium,Single,textured
meat,APACKME49.jpg,Multicolored,Medium,Single,textured
meat,APACKME50.jpg,Multicolored,Medium,Single,textured
meat,APACKME52.jpg,Orange,Medium,Single,textured
meat,APACKMEA4.jpg,Red,Medium,Single,textured
meat,APACKMEA5.jpg,Multicolored,Medium,Single,textured
meat,mea_vpk_abfstew_z.jpg,Red,Medium,Single,textured
sippycup,22683.jpg,Multicolored,Medium,Single,smooth
sippycup,23252.jpg,Multicolored,Medium,Single,smooth
sippycup,2hc.jpg,Multicolored,Medium,Single,smooth
sippycup,300.jpg,Multicolored,Medium,Single,textured
sippycup,B1000BL_Detail.jpg,Multicolored,Medium,Single,textured
sippycup,StayKoolCups.jpg,Multicolored,Medium,Single,textured
sippycup,Y9010A1_01_medium.jpg,Multicolored,Medium,Single,smooth
sippycup,babyant_1966_1034199.jpg,Blue,Medium,Single,smooth
sippycup,babyant_1966_1382448.jpg,Blue,Medium,Single,smooth
sippycup,babyant_1966_1805701.jpg,Blue,Medium,Single,smooth
sippycup,babyant_1966_1887295.jpg,Blue,Medium,Single,smooth
sippycup,babyant_1966_30553396.jpg,Multicolored,Medium,Single,smooth
sippycup,babyant_1969_18290583.jpg,Multicolored,Medium,Single,smooth
sippycup,babyant_1969_18348540.jpg,Multicolored,Medium,Single,textured
sippycup,sippy03.jpg,Green,Medium,Multiple,textured
cookie,26387944.thl.jpg,Yellow,Large,Single,textured
cookie,8027495.thl-1.jpg,Yellow,Large,Single,textured
cookie,CHOCOLATE_CHIP_COOKIE-1.jpg,Multicolored,Large,Single,textured
cookie,Chocolate Cookie With White Chocolate Chips And Pecans.jpg,Brown,Large,Single,textured
cookie,MACAROONS.jpg,Yellow,Medium,Single,textured
cookie,Peanut Butter Cookie.jpg,Yellow,Large,Single,textured
cookie,brussels.jpg,Yellow,Large,Single,textured
cookie,c_thanks_thank-you.jpg,Yellow,Large,Single,textured
cookie,mmcookie.jpg,Yellow,Large,Single,textured
cookie,samoa.jpg,Orange,Medium,Single,textured
cookie,sdws.h32.jpg,Yellow,Large,Single,textured
cookie,sdws.h33.jpg,Yellow,Large,Single,textured
cookie,shortbread.jpg,Yellow,Large,Single,textured
cookie,snicker-doodle.jpg,Yellow,Large,Single,textured
cookie,sugarsprinkle.jpg,Multicolored,Large,Single,textured
helmet,07Model17RedSkiHelmet.jpg,Red,Medium,Single,textured
helmet,35811341.thl.jpg,Blue,Medium,Single,smooth
helmet,35811374.thl.jpg,Grey,Medium,Single,textured
helmet,909_alienblue_01.jpg,Blue,Medium,Single,textured
helmet,Model08Purple.JPG,Purple,Medium,Single,textured
helmet,Model09SilverGraphics.JPG,Multicolored,Medium,Single,textured
helmet,Model16White.JPG,White,Medium,Single,smooth
helmet,Solid Black400.jpg,Black,Medium,Single,smooth
helmet,YY-SONIC.jpg,Black,Medium,Single,textured
helmet,atv-helmet.jpg,Blue,Medium,Single,smooth
helmet,k2_sceptor_helmet_pnkprl_0.jpg,Multicolored,Medium,Single,textured
helmet,kbc.jpg,Multicolored,Medium,Single,smooth
helmet,met_parachute_mountain_bike_helmet.jpg,Multicolored,Medium,Single,textured
helmet,shoei_helmet.jpg,Multicolored,Medium,Single,textured
helmet,slickpink400.jpg,Multicolored,Medium,Single,smooth
doll,AANGDOLL2.jpg,Multicolored,Medium,Single,textured
doll,ADOLL.jpg,Pink,Medium,Single,textured
doll,ADOLL154.jpg,Multicolored,Small,Single,textured
doll,ADOLL156.jpg,Red,Medium,Single,textured
doll,ADOLL158.jpg,Multicolored,Medium,Single,textured
doll,ADOLL165.jpg,Black,Medium,Single,textured
doll,ADOLL168.jpg,Multicolored,Small,Single,textured
doll,ADOLL169.jpg,White,Medium,Single,textured
doll,ADOLL170.jpg,Multicolored,Medium,Single,textured
doll,ADOLL178.jpg,Multicolored,Medium,Single,textured
doll,ADOLL42.jpg,Red,Small,Single,textured
doll,ADOLL55.jpg,Multicolored,Small,Single,textured
doll,ADOLL72.jpg,Multicolored,Small,Single,textured
doll,ADOLL92.jpg,Blue,Medium,Single,textured
doll,ADOLLDRE7.jpg,Multicolored,Medium,Single,textured
pipe,1934.8.100_a.jpg,Black,Small,Single,textured
pipe,APIPE14.jpg,Black,Small,Single,textured
pipe,APIPE31.jpg,Black,Small,Single,textured
pipe,APIPE36.jpg,Black,Small,Single,textured
pipe,APIPE43.jpg,Brown,Small,Single,smooth
pipe,APIPE44.jpg,Brown,Small,Single,smooth
pipe,APIPE46.jpg,Brown,Small,Single,smooth
pipe,APIPE50.jpg,Multicolored,Small,Single,smooth
pipe,Grandfather Pipe.jpg,Multicolored,Medium,Single,textured
pipe,pipe1.jpg,Multicolored,Small,Single,smooth
pipe,pipe15a.jpg,Multicolored,Small,Single,smooth
pipe,pipe4.jpg,Yellow,Small,Single,textured
pipe,pipe5.jpg,Multicolored,Small,Single,smooth
pipe,pipe52.jpg,Multicolored,Small,Single,textured
pipe,pipe6.jpg,Multicolored,Small,Single,smooth
christmastreeornamantball,23006179.thl.jpg,Multicolored,Medium,Single,textured
christmastreeornamantball,36410810.thl.jpg,Pink,Medium,Single,textured
christmastreeornamantball,36410833.thl.jpg,Multicolored,Medium,Single,textured
christmastreeornamantball,36410888.thl.jpg,Brown,Medium,Single,textured
christmastreeornamantball,36410910.thl.jpg,Orange,Medium,Single,textured
christmastreeornamantball,36410944.thl.jpg,Multicolored,Medium,Single,textured
christmastreeornamantball,36410968.thl.jpg,Green,Medium,Single,textured
christmastreeornamantball,36411021.thl.jpg,Multicolored,Medium,Single,textured
christmastreeornamantball,36411048.thl.jpg,Red,Medium,Single,textured
christmastreeornamantball,36411073.thl.jpg,Multicolored,Medium,Single,textured
christmastreeornamantball,36411097.thl.jpg,Multicolored,Medium,Single,textured
christmastreeornamantball,36411123.thl.jpg,Multicolored,Medium,Single,textured
christmastreeornamantball,AORNAME11.jpg,Multicolored,Medium,Single,textured
christmastreeornamantball,AORNAMEN6.jpg,Multicolored,Medium,Single,textured
christmastreeornamantball,AORNAMEN7.jpg,Multicolored,Medium,Single,smooth
telescope,13TELESTAND.jpg,Multicolored,Small,Single,smooth
telescope,41V67SB5NJL._SS500_.jpg,Grey,Small,Single,smooth
telescope,Brass-telescope-60700.jpg,Multicolored,Small,Single,smooth
telescope,Junior Land and Sky Telescope.jpg,Multicolored,Small,Single,smooth
telescope,LO-telescope-89769.jpg,Multicolored,Small,Single,smooth
telescope,T09748dt.jpg,Multicolored,Medium,Single,textured
telescope,TELESCOPE_BLACK_GOOD_SMALL.jpg,Black,Small,Single,smooth
telescope,Telescope_Pewter_br48540a.jpg,Grey,Small,Single,smooth
telescope,VictorianDeskTelescope.jpg,Multicolored,Small,Single,textured
telescope,celestron nexstar 114 gt reflector telescope.jpg,Grey,Small,Single,smooth
telescope,digimarc.jpg,Grey,Small,Single,smooth
telescope,digimarc.ms02.jpg,Multicolored,Small,Single,smooth
telescope,digimarc.ms03.jpg,Multicolored,Small,Single,smooth
telescope,p0006439g.jpg,Black,Small,Single,smooth
telescope,telescope-talm.jpg,Grey,Small,Single,smooth
suitcase,ABS_Suitcase.jpg,Multicolored,Medium,Single,smooth
suitcase,ASUITCA17.jpg,Blue,Medium,Single,smooth
suitcase,ASUITCA18.jpg,Brown,Medium,Single,textured
suitcase,ASUITCA22.jpg,Blue,Medium,Single,textured
suitcase,ASUITCA55.jpg,Black,Medium,Single,textured
suitcase,ASUITCA60.jpg,Orange,Medium,Single,smooth
suitcase,ASUITCA62.jpg,Brown,Medium,Single,textured
suitcase,ASUITCA65.jpg,Brown,Medium,Single,textured
suitcase,ASUITCAS3.jpg,Multicolored,Medium,Single,textured
suitcase,Antique_suitcase_stickers.jpg,Multicolored,Medium,Single,textured
suitcase,Asuitca38.jpg,Pink,Medium,Single,smooth
suitcase,Asuitca43.jpg,Red,Medium,Single,smooth
suitcase,Asuitca46.jpg,Brown,Medium,Single,smooth
suitcase,Asuitca70.jpg,Multicolored,Medium,Single,textured
suitcase,prada_camel_leopard_calf_hair_rolling_suitcase.jpg,Multicolored,Medium,Single,textured
